"","measures","values","lower","upper"
"1","auc h2o",0.884929896389226,0.881603384593512,0.88825640818494
"2","auc pr",0.49068513049048,0.48547380728922,0.49589645369174
"3","accuracy",0.831683168316832,0.827782885390306,0.835583451243357
"4","sensitivity",0.779977375565611,0.775658923980351,0.784295827150871
"5","specificity",0.834405336192008,0.830530395254882,0.838280277129133
"6","gmean",0.80673247379846,0.802616263115882,0.810848684481038
"7","auc",0.88490709982264,0.876383718668078,0.893430480977203
"8","cost_capture",61.1688546042919,58.0342436616535,64.3745604580054
