"","measures","values","lower","upper"
"1","auc h2o",0.81386803821321,0.809810703319036,0.817925373107384
"2","auc pr",0.174449634146712,0.170493598460816,0.178405669832609
"3","accuracy",0.748345120226308,0.743821282421838,0.752868958030779
"4","sensitivity",0.776018099547511,0.771672039025141,0.780364160069881
"5","specificity",0.746888213924126,0.742355718552606,0.751420709295646
"6","gmean",0.761313846152712,0.756870103915869,0.765757588389555
"7","auc",0.813932874107542,0.804053709304239,0.823812038910844
"8","cost_capture",31.2009742485076,27.9582059608549,34.3860233000473
