"","measures","values","lower","upper"
"1","accuracy",0.778992628992629,0.775312777292329,0.782672480692929
"2","sensitivity",0.792240300375469,0.788642232240705,0.795838368510233
"3","specificity",0.778308894774239,0.774624973043522,0.781992816504957
"4","gmean",0.785243702668696,0.78160174034836,0.788885664989032
"5","auc",0.861616148795256,0.846792823084797,0.876439474505716
