"","measures","values","lower","upper"
"1","accuracy",0.796935755324706,0.793467835805024,0.800403674844387
"2","sensitivity",0.796983758700696,0.793516144673651,0.800451372727741
"3","specificity",0.796933227442116,0.793465291837149,0.800401163047084
"4","gmean",0.796958492670913,0.793490717841791,0.800426267500036
"5","auc",0.875838673606198,0.862976560785,0.888700786427396
