"","measures","values","lower","upper"
"1","accuracy",0.827334152334152,0.823982152703593,0.830686151964712
"2","sensitivity",0.708385481852315,0.704354603793494,0.712416359911137
"3","specificity",0.833473289839158,0.830169228830284,0.836777350848032
"4","gmean",0.768388168853312,0.764646796195295,0.77212954151133
"5","auc",0.847569498369307,0.832639412522975,0.862499584215639
