"","measures","values","lower","upper"
"1","accuracy",0.789333178573501,0.785817826120108,0.792848531026895
"2","sensitivity",0.75754060324826,0.753846040118029,0.761235166378491
"3","specificity",0.791007392021504,0.787502324748869,0.794512459294139
"4","gmean",0.774093157782578,0.770488185492206,0.77769813007295
"5","auc",0.850053486593065,0.835688786142467,0.864418187043663
