"","measures","values","lower","upper"
"1","accuracy",0.802449074342754,0.796504221283476,0.808393927402033
"2","sensitivity",0.502320185614849,0.494854698018271,0.509785673211428
"3","specificity",0.818254016738958,0.812496047592312,0.824011985885604
"4","gmean",0.641112712062715,0.633950633481853,0.648274790643576
"5","auc",0.668843857560528,0.645566332707363,0.692121382413693
"6","cost_capture",43.5587722983172,42.8184362591928,44.2991083374415
