"","measures","values","lower","upper"
"1","accuracy",0.725494747838199,0.721647651255575,0.729341844420822
"2","sensitivity",0.576566125290023,0.572306631545334,0.580825619034713
"3","specificity",0.733337406072454,0.729525224368193,0.737149587776715
"4","gmean",0.650244190092792,0.646133058928924,0.65435532125666
"5","auc",0.67112474502268,0.647951137954291,0.694298352091069
