"","measures","values","lower","upper"
"1","accuracy",0.806337415123905,0.80043711479625,0.812237715451559
"2","sensitivity",0.77262180974478,0.766363591069389,0.778880028420171
"3","specificity",0.808112896328426,0.802233242429652,0.813992550227199
"4","gmean",0.790168114036098,0.784088327348972,0.796247900723224
"5","auc",0.868598281313492,0.85560565049926,0.881590912127725
"6","cost_capture",59.5314398068357,58.7985732234324,60.2643063902389
