"","measures","values","lower","upper"
"1","accuracy",0.786793611793612,0.783161235919333,0.790425987667891
"2","sensitivity",0.753441802252816,0.749619325588554,0.757264278917078
"3","specificity",0.788514953814353,0.784893315612323,0.792136592016383
"4","gmean",0.770778909873111,0.767051111094883,0.77450670865134
"5","auc",0.857276985095127,0.843345006630965,0.87120896355929
