"","measures","values","lower","upper"
"1","auc h2o",0.873200587081908,0.869731868931223,0.876669305232592
"2","auc pr",0.445045517912263,0.439864867594147,0.450226168230379
"3","accuracy",0.821697312588402,0.817707171431473,0.82568745374533
"4","sensitivity",0.769230769230769,0.764838685033912,0.773622853427626
"5","specificity",0.824459531892085,0.82049376959354,0.82842529419063
"6","gmean",0.796366523603917,0.792168600611848,0.800564446595987
"7","auc",0.873145738896457,0.864031736947373,0.882259740845541
"8","cost_capture",58.789784510673,55.6562616432119,62.1057554536761
