"","measures","values","lower","upper"
"1","accuracy",0.811762899262899,NA,NA
"2","sensitivity",0.777641277641278,NA,NA
"3","specificity",0.81355877408509,NA,NA
"4","gmean",0.795397312363954,NA,NA
"5","auc",0.874068407088403,0.864657695753032,0.883479118423775
