"","measures","values","lower","upper"
"1","accuracy",0.823853989813243,0.819882290622743,0.827825689003743
"2","sensitivity",0.75947934352009,0.75502330443114,0.763935382609041
"3","specificity",0.82724212909183,0.823300733179539,0.83118352500412
"4","gmean",0.792636933996155,0.788410075843885,0.796863792148425
"5","auc",0.866844012939113,0.857428490965285,0.876259534912941
"6","cost_capture",58.3788598084081,57.8649349683585,58.8927846484578
